{
  "metodo": "Janela Movel 180 dias",
  "total_registros": 75248,
  "treino_dias": 348528,
  "validacao_dias": 116070,
  "bairros": 318,
  "treino_cvli": 1541957,
  "validacao_cvli": 557708,
  "criticidade_mean_treino": 0.5015723270440252,
  "criticidade_mean_val": 0.5015723270440252
}