bairro,CVLI
Pacajus,0.3966078
Cascavel,0.3861422
Chorozinho,0.37057647
Trairi,0.28714132
São Gonçalo do Amarante,0.23573472
Itaitinga,0.22550245
Fortaleza,0.2171489
Maracanaú,0.19488823
Aquiraz,0.19320369
Horizonte,0.19267794
Pacatuba,0.18732968
São Luís do Curu,0.18410861
Paraipaba,0.1757715
Guaiúba,0.16434228
Caucaia,0.16293886
Maranguape,0.15938273
Pindoretama,0.13822171
Paracuru,0.09698582
Eusébio,0.084631056
