bairro,CVLI
MARANGUAPE,0.13367517
HORIZONTE,0.13031965
CAUCAIA,0.13007651
PACATUBA,0.12724693
SÃO LUÍS DO CURU,0.12505934
MARACANAÚ,0.12483471
FORTALEZA,0.12409352
GUAIÚBA,0.12379333
ITAITINGA,0.123174936
SÃO GONÇALO DO AMARANTE,0.12263641
TRAIRI,0.12062425
CASCAVEL,0.11965665
PACAJUS,0.119482175
AQUIRAZ,0.11774692
CHOROZINHO,0.11680948
PARACURU,0.115508586
PARAIPABA,0.11413515
EUSÉBIO,0.11118642
PINDORETAMA,0.10417536
