{
  "taxa_acerto_geral_percent": 14.036478984932593,
  "taxa_aumento_percent": 0.5442850074220682,
  "taxa_diminuicao_percent": 0.3859141341051616,
  "taxa_estavel_percent": 72.52631578947368,
  "pearson_r": -0.006125919579772469,
  "pearson_p": 0.6635871490516769,
  "validacoes_totais": 5044,
  "bairros_validados": 388,
  "periodos": 13,
  "operacoes_raio_2025": 315
}